{"cameraMode":{"drawMode":0,"name":"Shaded","section":"Shading Mode"},"sceneLighting":false,"audioPlay":false,"sceneViewState":{"showFog":true,"showMaterialUpdate":false,"showSkybox":false,"showFlares":true,"showImageEffects":true,"showParticleSystems":true},"in2DMode":false,"pivot":{"x":5.895626068115234,"y":0.16773837804794312,"z":-1.3667757511138917},"rotation":{"x":0.24410870671272279,"y":0.5559124946594238,"z":-0.17508098483085633,"w":0.7750821113586426},"size":0.7621855735778809,"orthographic":false}