{"cameraMode":{"drawMode":0,"name":"Shaded","section":"Shading Mode"},"sceneLighting":false,"audioPlay":false,"sceneViewState":{"showFog":true,"showMaterialUpdate":false,"showSkybox":false,"showFlares":true,"showImageEffects":true,"showParticleSystems":true},"in2DMode":false,"pivot":{"x":38.310001373291019,"y":0.0,"z":0.050000011920928958},"rotation":{"x":0.1548716276884079,"y":0.6558293104171753,"z":-0.139994814991951,"w":0.7255070805549622},"size":0.6489565968513489,"orthographic":false}