{"cameraMode":{"drawMode":0,"name":"Shaded","section":"Shading Mode"},"sceneLighting":false,"audioPlay":false,"sceneViewState":{"showFog":true,"showMaterialUpdate":false,"showSkybox":false,"showFlares":true,"showImageEffects":true,"showParticleSystems":true},"in2DMode":false,"pivot":{"x":10.883203506469727,"y":-0.8353744745254517,"z":0.27516472339630129},"rotation":{"x":0.06573852151632309,"y":0.7078385353088379,"z":-0.0664551630616188,"w":0.7002360224723816},"size":5.207390308380127,"orthographic":false}