{"cameraMode":{"drawMode":0,"name":"Shaded","section":"Shading Mode"},"sceneLighting":false,"audioPlay":false,"sceneViewState":{"showFog":true,"showMaterialUpdate":false,"showSkybox":false,"showFlares":true,"showImageEffects":true,"showParticleSystems":true},"in2DMode":false,"pivot":{"x":4.05327844619751,"y":-0.6518868207931519,"z":-4.573446750640869},"rotation":{"x":0.009604344144463539,"y":0.9903754591941834,"z":-0.09238014370203018,"w":0.10286913067102432},"size":3.340428113937378,"orthographic":false}